{"cameraMode":{"drawMode":0,"name":"Shaded","section":"Shading Mode"},"sceneLighting":true,"audioPlay":false,"sceneViewState":{"m_AlwaysRefresh":false,"showFog":true,"showSkybox":true,"showFlares":true,"showImageEffects":true,"showParticleSystems":true,"showVisualEffectGraphs":true,"m_FxEnabled":true},"in2DMode":false,"pivot":{"x":0.2923569679260254,"y":2.986395835876465,"z":-5.2829484939575199},"rotation":{"x":-0.16619455814361573,"y":0.5987123250961304,"z":-0.12874417006969453,"w":-0.7728725671768189},"size":3.6326613426208498,"orthographic":false}